Year,Jurisdiction,RaceEth,Gender,Mean,SE
2003,National public,Black,All,251.74,0.54
2003,National public,Hispanic,All,258.12,0.64
2003,Alabama,Black,All,240.27,1.62
2003,Alabama,Hispanic,All,‡,NA
2003,Alaska,Black,All,263.12,2.9899999999999998
2003,Alaska,Hispanic,All,263.01,3.67
2003,Arizona,Black,All,256.42,3.6
2003,Arizona,Hispanic,All,257.69,1.57
2003,Arkansas,Black,All,239.46,2.11
2003,Arkansas,Hispanic,All,248.45,5.53
2003,California,Black,All,245.78,2.3499999999999996
2003,California,Hispanic,All,249.84,1.3800000000000001
2003,Colorado,Black,All,255.03,2.9
2003,Colorado,Hispanic,All,259.48,1.92
2003,Connecticut,Black,All,254.51,2.16
2003,Connecticut,Hispanic,All,258.72,1.99
2003,Delaware,Black,All,260.29,0.9400000000000001
2003,Delaware,Hispanic,All,257.20,3.8
2003,District of Columbia,Black,All,239.63,0.7799999999999999
2003,District of Columbia,Hispanic,All,245.90,3.17
2003,DoDEA,Black,All,269.64,1.37
2003,DoDEA,Hispanic,All,278.10,1.47
2003,Florida,Black,All,248.58,1.9
2003,Florida,Hispanic,All,263.86,2.59
2003,Georgia,Black,All,250.13,1.52
2003,Georgia,Hispanic,All,262.38,3.3499999999999996
2003,Hawaii,Black,All,‡,NA
2003,Hawaii,Hispanic,All,263.31,4.5
2003,Idaho,Black,All,‡,NA
2003,Idaho,Hispanic,All,250.86,2.8
2003,Illinois,Black,All,249.32,1.6300000000000001
2003,Illinois,Hispanic,All,258.84,2.02
2003,Indiana,Black,All,251.02,3.05
2003,Indiana,Hispanic,All,260.56,4.05
2003,Iowa,Black,All,256.65,3.88
2003,Iowa,Hispanic,All,254.96,4.619999999999999
2003,Kansas,Black,All,251.55,3.53
2003,Kansas,Hispanic,All,263.32,2.61
2003,Kentucky,Black,All,250.20,2.69
2003,Kentucky,Hispanic,All,‡,NA
2003,Louisiana,Black,All,249.63,1.83
2003,Louisiana,Hispanic,All,‡,NA
2003,Maine,Black,All,‡,NA
2003,Maine,Hispanic,All,‡,NA
2003,Maryland,Black,All,256.25,1.1900000000000002
2003,Maryland,Hispanic,All,261.79,4.430000000000001
2003,Massachusetts,Black,All,259.69,1.52
2003,Massachusetts,Hispanic,All,255.21,1.75
2003,Michigan,Black,All,244.94,3.4499999999999997
2003,Michigan,Hispanic,All,266.83,4.22
2003,Minnesota,Black,All,251.31,5.619999999999999
2003,Minnesota,Hispanic,All,262.49,4.64
2003,Mississippi,Black,All,246.29,1.25
2003,Mississippi,Hispanic,All,‡,NA
2003,Missouri,Black,All,250.29,2.11
2003,Missouri,Hispanic,All,‡,NA
2003,Montana,Black,All,‡,NA
2003,Montana,Hispanic,All,‡,NA
2003,Nebraska,Black,All,246.73,3.59
2003,Nebraska,Hispanic,All,254.58,2.98
2003,Nevada,Black,All,248.29,2.61
2003,Nevada,Hispanic,All,249.60,1.75
2003,New Hampshire,Black,All,‡,NA
2003,New Hampshire,Hispanic,All,‡,NA
2003,New Jersey,Black,All,252.98,2.17
2003,New Jersey,Hispanic,All,261.65,2.61
2003,New Mexico,Black,All,253.58,4.41
2003,New Mexico,Hispanic,All,254.33,1.01
2003,New York,Black,All,255.37,2.02
2003,New York,Hispanic,All,261.80,2.42
2003,North Carolina,Black,All,259.94,1.24
2003,North Carolina,Hispanic,All,263.19,3.14
2003,North Dakota,Black,All,‡,NA
2003,North Dakota,Hispanic,All,‡,NA
2003,Ohio,Black,All,257.12,2.11
2003,Ohio,Hispanic,All,269.96,5.51
2003,Oklahoma,Black,All,249.22,3.3699999999999997
2003,Oklahoma,Hispanic,All,257.56,3
2003,Oregon,Black,All,264.76,3.64
2003,Oregon,Hispanic,All,258.18,2.21
2003,Pennsylvania,Black,All,247.14,2.06
2003,Pennsylvania,Hispanic,All,253.12,3.8299999999999996
2003,Puerto Rico,Black,All,‡,NA
2003,Puerto Rico,Hispanic,All,‡,NA
2003,Rhode Island,Black,All,244.00,2.77
2003,Rhode Island,Hispanic,All,244.75,2.05
2003,South Carolina,Black,All,258.11,1.57
2003,South Carolina,Hispanic,All,‡,NA
2003,South Dakota,Black,All,‡,NA
2003,South Dakota,Hispanic,All,‡,NA
2003,Tennessee,Black,All,241.68,2.4699999999999998
2003,Tennessee,Hispanic,All,‡,NA
2003,Texas,Black,All,259.75,2.2
2003,Texas,Hispanic,All,266.85,1.1700000000000002
2003,Utah,Black,All,‡,NA
2003,Utah,Hispanic,All,248.81,2.9499999999999997
2003,Vermont,Black,All,‡,NA
2003,Vermont,Hispanic,All,‡,NA
2003,Virginia,Black,All,261.88,1.12
2003,Virginia,Hispanic,All,268.43,3.96
2003,Washington,Black,All,262.49,3.13
2003,Washington,Hispanic,All,263.30,2.9699999999999998
2003,West Virginia,Black,All,253.08,3.96
2003,West Virginia,Hispanic,All,‡,NA
2003,Wisconsin,Black,All,241.10,3.96
2003,Wisconsin,Hispanic,All,261.82,3.9899999999999998
2003,Wyoming,Black,All,‡,NA
2003,Wyoming,Hispanic,All,265.33,2.22
2005,National public,Black,All,254.18,0.41000000000000003
2005,National public,Hispanic,All,261.08,0.43000000000000005
2005,Alabama,Black,All,239.96,1.77
2005,Alabama,Hispanic,All,‡,NA
2005,Alaska,Black,All,266.19,3.01
2005,Alaska,Hispanic,All,271.77,3.42
2005,Arizona,Black,All,260.93,2.71
2005,Arizona,Hispanic,All,259.97,1.42
2005,Arkansas,Black,All,242.84,1.57
2005,Arkansas,Hispanic,All,266.32,4.03
2005,California,Black,All,248.08,1.57
2005,California,Hispanic,All,254.20,0.69
2005,Colorado,Black,All,255.79,3.08
2005,Colorado,Hispanic,All,260.16,1.91
2005,Connecticut,Black,All,249.47,2.67
2005,Connecticut,Hispanic,All,254.13,2.7800000000000002
2005,Delaware,Black,All,264.43,0.97
2005,Delaware,Hispanic,All,268.03,2.19
2005,District of Columbia,Black,All,241.16,0.9500000000000001
2005,District of Columbia,Hispanic,All,252.06,2.98
2005,DoDEA,Black,All,267.43,1.46
2005,DoDEA,Hispanic,All,279.86,2.17
2005,Florida,Black,All,250.99,1.79
2005,Florida,Hispanic,All,264.88,1.9
2005,Georgia,Black,All,255.29,1.4
2005,Georgia,Hispanic,All,257.50,3.02
2005,Hawaii,Black,All,‡,NA
2005,Hawaii,Hispanic,All,257.13,5.08
2005,Idaho,Black,All,‡,NA
2005,Idaho,Hispanic,All,260.75,2.07
2005,Illinois,Black,All,248.80,1.6900000000000002
2005,Illinois,Hispanic,All,265.20,1.46
2005,Indiana,Black,All,256.97,2.63
2005,Indiana,Hispanic,All,260.86,3.96
2005,Iowa,Black,All,256.19,5.13
2005,Iowa,Hispanic,All,264.03,3.23
2005,Kansas,Black,All,256.07,4.45
2005,Kansas,Hispanic,All,265.63,2.51
2005,Kentucky,Black,All,255.22,2.42
2005,Kentucky,Hispanic,All,‡,NA
2005,Louisiana,Black,All,251.76,1.6400000000000001
2005,Louisiana,Hispanic,All,‡,NA
2005,Maine,Black,All,‡,NA
2005,Maine,Hispanic,All,‡,NA
2005,Maryland,Black,All,258.49,1.37
2005,Maryland,Hispanic,All,262.09,4.859999999999999
2005,Massachusetts,Black,All,262.53,2.65
2005,Massachusetts,Hispanic,All,264.66,1.49
2005,Michigan,Black,All,247.49,2.02
2005,Michigan,Hispanic,All,265.02,3.7800000000000002
2005,Minnesota,Black,All,250.70,1.98
2005,Minnesota,Hispanic,All,262.59,4.07
2005,Mississippi,Black,All,247.23,1.32
2005,Mississippi,Hispanic,All,‡,NA
2005,Missouri,Black,All,247.39,1.8800000000000001
2005,Missouri,Hispanic,All,‡,NA
2005,Montana,Black,All,‡,NA
2005,Montana,Hispanic,All,‡,NA
2005,Nebraska,Black,All,243.39,2.2800000000000002
2005,Nebraska,Hispanic,All,261.49,2.21
2005,Nevada,Black,All,247.10,2.5
2005,Nevada,Hispanic,All,255.90,1.32
2005,New Hampshire,Black,All,‡,NA
2005,New Hampshire,Hispanic,All,‡,NA
2005,New Jersey,Black,All,259.64,2.5
2005,New Jersey,Hispanic,All,264.23,2.11
2005,New Mexico,Black,All,256.65,5.619999999999999
2005,New Mexico,Hispanic,All,255.37,1.28
2005,New York,Black,All,258.72,1.85
2005,New York,Hispanic,All,262.04,1.76
2005,North Carolina,Black,All,263.42,1.22
2005,North Carolina,Hispanic,All,265.40,2.74
2005,North Dakota,Black,All,‡,NA
2005,North Dakota,Hispanic,All,‡,NA
2005,Ohio,Black,All,255.16,2.12
2005,Ohio,Hispanic,All,259.38,5.85
2005,Oklahoma,Black,All,248.73,2.3
2005,Oklahoma,Hispanic,All,257.00,3.69
2005,Oregon,Black,All,257.53,5.05
2005,Oregon,Hispanic,All,256.60,2.36
2005,Pennsylvania,Black,All,249.96,3.3699999999999997
2005,Pennsylvania,Hispanic,All,267.02,2.88
2005,Puerto Rico,Black,All,‡,NA
2005,Puerto Rico,Hispanic,All,‡,NA
2005,Rhode Island,Black,All,248.78,2.77
2005,Rhode Island,Hispanic,All,243.53,1.83
2005,South Carolina,Black,All,262.58,1.26
2005,South Carolina,Hispanic,All,268.90,4.42
2005,South Dakota,Black,All,‡,NA
2005,South Dakota,Hispanic,All,‡,NA
2005,Tennessee,Black,All,246.13,1.84
2005,Tennessee,Hispanic,All,‡,NA
2005,Texas,Black,All,263.60,1.7
2005,Texas,Hispanic,All,270.80,1.05
2005,Utah,Black,All,‡,NA
2005,Utah,Hispanic,All,255.40,2.3
2005,Vermont,Black,All,‡,NA
2005,Vermont,Hispanic,All,‡,NA
2005,Virginia,Black,All,262.68,1.46
2005,Virginia,Hispanic,All,269.98,3.27
2005,Washington,Black,All,265.40,4.7700000000000005
2005,Washington,Hispanic,All,262.30,2.74
2005,West Virginia,Black,All,251.39,4.18
2005,West Virginia,Hispanic,All,‡,NA
2005,Wisconsin,Black,All,246.04,3.94
2005,Wisconsin,Hispanic,All,265.38,3.55
2005,Wyoming,Black,All,‡,NA
2005,Wyoming,Hispanic,All,264.50,2.82
2007,National public,Black,All,258.89,0.41000000000000003
2007,National public,Hispanic,All,264.36,0.43000000000000005
2007,Alabama,Black,All,245.78,1.77
2007,Alabama,Hispanic,All,249.40,3.4699999999999998
2007,Alaska,Black,All,271.28,2.96
2007,Alaska,Hispanic,All,274.40,3.38
2007,Arizona,Black,All,266.42,3.98
2007,Arizona,Hispanic,All,261.66,1.6300000000000001
2007,Arkansas,Black,All,253.89,1.85
2007,Arkansas,Hispanic,All,256.31,2.9699999999999998
2007,California,Black,All,252.58,2.07
2007,California,Hispanic,All,255.98,0.88
2007,Colorado,Black,All,271.77,2.05
2007,Colorado,Hispanic,All,263.97,1.32
2007,Connecticut,Black,All,254.95,2.52
2007,Connecticut,Hispanic,All,253.80,3.77
2007,Delaware,Black,All,264.85,1.12
2007,Delaware,Hispanic,All,266.98,2.34
2007,District of Columbia,Black,All,245.47,0.91
2007,District of Columbia,Hispanic,All,250.88,2.96
2007,DoDEA,Black,All,271.86,2.11
2007,DoDEA,Hispanic,All,281.50,2.15
2007,Florida,Black,All,259.30,1.54
2007,Florida,Hispanic,All,270.29,1.84
2007,Georgia,Black,All,261.06,1.1
2007,Georgia,Hispanic,All,265.82,3.8899999999999997
2007,Hawaii,Black,All,‡,NA
2007,Hawaii,Hispanic,All,263.83,4.56
2007,Idaho,Black,All,‡,NA
2007,Idaho,Hispanic,All,263.93,2.29
2007,Illinois,Black,All,252.75,1.83
2007,Illinois,Hispanic,All,265.09,1.6600000000000001
2007,Indiana,Black,All,258.74,2.3299999999999996
2007,Indiana,Hispanic,All,267.32,3.4099999999999997
2007,Iowa,Black,All,257.07,3.4899999999999998
2007,Iowa,Hispanic,All,260.85,3.6
2007,Kansas,Black,All,266.87,3.02
2007,Kansas,Hispanic,All,268.61,2.7800000000000002
2007,Kentucky,Black,All,256.89,2.72
2007,Kentucky,Hispanic,All,‡,NA
2007,Louisiana,Black,All,258.31,1.4
2007,Louisiana,Hispanic,All,‡,NA
2007,Maine,Black,All,‡,NA
2007,Maine,Hispanic,All,‡,NA
2007,Maryland,Black,All,264.57,1.25
2007,Maryland,Hispanic,All,272.33,3
2007,Massachusetts,Black,All,264.42,2.09
2007,Massachusetts,Hispanic,All,269.84,3.8
2007,Michigan,Black,All,243.89,2.2
2007,Michigan,Hispanic,All,258.84,3.82
2007,Minnesota,Black,All,259.59,3.71
2007,Minnesota,Hispanic,All,268.65,3.8699999999999997
2007,Mississippi,Black,All,251.28,1.1300000000000001
2007,Mississippi,Hispanic,All,‡,NA
2007,Missouri,Black,All,253.44,2.01
2007,Missouri,Hispanic,All,270.33,2.77
2007,Montana,Black,All,‡,NA
2007,Montana,Hispanic,All,‡,NA
2007,Nebraska,Black,All,239.84,2.7600000000000002
2007,Nebraska,Hispanic,All,261.38,2.2
2007,Nevada,Black,All,255.45,3.53
2007,Nevada,Hispanic,All,256.91,1.21
2007,New Hampshire,Black,All,‡,NA
2007,New Hampshire,Hispanic,All,264.43,4.109999999999999
2007,New Jersey,Black,All,263.50,1.98
2007,New Jersey,Hispanic,All,271.13,2.06
2007,New Mexico,Black,All,264.07,2.9499999999999997
2007,New Mexico,Hispanic,All,260.20,1.08
2007,New York,Black,All,258.20,2.32
2007,New York,Hispanic,All,264.46,2.05
2007,North Carolina,Black,All,265.68,1.55
2007,North Carolina,Hispanic,All,272.83,2.62
2007,North Dakota,Black,All,‡,NA
2007,North Dakota,Hispanic,All,‡,NA
2007,Ohio,Black,All,257.81,2.19
2007,Ohio,Hispanic,All,275.79,5.83
2007,Oklahoma,Black,All,258.23,2.46
2007,Oklahoma,Hispanic,All,258.93,2.38
2007,Oregon,Black,All,272.35,5.119999999999999
2007,Oregon,Hispanic,All,261.02,2.44
2007,Pennsylvania,Black,All,256.97,2.34
2007,Pennsylvania,Hispanic,All,264.09,3.86
2007,Puerto Rico,Black,All,—,NA
2007,Puerto Rico,Hispanic,All,—,NA
2007,Rhode Island,Black,All,250.03,3.18
2007,Rhode Island,Hispanic,All,251.43,2
2007,South Carolina,Black,All,265.31,1.26
2007,South Carolina,Hispanic,All,272.24,5.4
2007,South Dakota,Black,All,‡,NA
2007,South Dakota,Hispanic,All,268.89,5.75
2007,Tennessee,Black,All,253.98,1.6700000000000002
2007,Tennessee,Hispanic,All,264.25,2.3899999999999997
2007,Texas,Black,All,270.96,1.52
2007,Texas,Hispanic,All,277.03,0.97
2007,Utah,Black,All,‡,NA
2007,Utah,Hispanic,All,255.60,2.24
2007,Vermont,Black,All,‡,NA
2007,Vermont,Hispanic,All,‡,NA
2007,Virginia,Black,All,268.28,1.42
2007,Virginia,Hispanic,All,275.28,3.66
2007,Washington,Black,All,264.30,5.09
2007,Washington,Hispanic,All,263.20,2.3
2007,West Virginia,Black,All,249.70,4.46
2007,West Virginia,Hispanic,All,‡,NA
2007,Wisconsin,Black,All,246.93,2.25
2007,Wisconsin,Hispanic,All,267.77,3.8699999999999997
2007,Wyoming,Black,All,‡,NA
2007,Wyoming,Hispanic,All,273.65,2.73
2009,National public,Black,All,260.27,0.44
2009,National public,Hispanic,All,265.90,0.6
2009,Alabama,Black,All,248.00,1.97
2009,Alabama,Hispanic,All,259.92,3.57
2009,Alaska,Black,All,267.90,2.92
2009,Alaska,Hispanic,All,275.44,2.69
2009,Arizona,Black,All,268.73,3.9699999999999998
2009,Arizona,Hispanic,All,265.22,1.28
2009,Arkansas,Black,All,250.51,2.07
2009,Arkansas,Hispanic,All,269.06,3.19
2009,California,Black,All,250.17,2.4
2009,California,Hispanic,All,256.44,1.09
2009,Colorado,Black,All,262.60,3.51
2009,Colorado,Hispanic,All,266.66,2.1
2009,Connecticut,Black,All,261.02,3.04
2009,Connecticut,Hispanic,All,263.40,1.87
2009,Delaware,Black,All,267.05,0.98
2009,Delaware,Hispanic,All,277.56,1.62
2009,District of Columbia,Black,All,249.06,0.91
2009,District of Columbia,Hispanic,All,265.42,3.8299999999999996
2009,DoDEA,Black,All,268.63,1.92
2009,DoDEA,Hispanic,All,280.53,2.12
2009,Florida,Black,All,263.57,1.86
2009,Florida,Hispanic,All,273.97,1.47
2009,Georgia,Black,All,262.48,1.1900000000000002
2009,Georgia,Hispanic,All,270.31,2.11
2009,Hawaii,Black,All,271.01,4.6899999999999995
2009,Hawaii,Hispanic,All,276.15,4.79
2009,Idaho,Black,All,‡,NA
2009,Idaho,Hispanic,All,264.12,1.73
2009,Illinois,Black,All,254.67,1.6600000000000001
2009,Illinois,Hispanic,All,268.65,1.6600000000000001
2009,Indiana,Black,All,266.05,3.12
2009,Indiana,Hispanic,All,272.80,3.09
2009,Iowa,Black,All,259.28,3.14
2009,Iowa,Hispanic,All,266.06,2.3899999999999997
2009,Kansas,Black,All,264.09,2.7
2009,Kansas,Hispanic,All,273.93,2.51
2009,Kentucky,Black,All,257.73,1.54
2009,Kentucky,Hispanic,All,271.70,4.26
2009,Louisiana,Black,All,256.70,1.28
2009,Louisiana,Hispanic,All,‡,NA
2009,Maine,Black,All,260.50,4.58
2009,Maine,Hispanic,All,‡,NA
2009,Maryland,Black,All,265.75,1.37
2009,Maryland,Hispanic,All,274.85,2.17
2009,Massachusetts,Black,All,271.86,2.38
2009,Massachusetts,Hispanic,All,271.08,3.54
2009,Michigan,Black,All,245.83,2.05
2009,Michigan,Hispanic,All,269.49,4.09
2009,Minnesota,Black,All,263.62,2.92
2009,Minnesota,Hispanic,All,268.96,3.22
2009,Mississippi,Black,All,250.99,1.05
2009,Mississippi,Hispanic,All,‡,NA
2009,Missouri,Black,All,259.65,2.44
2009,Missouri,Hispanic,All,283.92,4.09
2009,Montana,Black,All,‡,NA
2009,Montana,Hispanic,All,278.39,5.57
2009,Nebraska,Black,All,252.83,2.64
2009,Nebraska,Hispanic,All,262.04,2.15
2009,Nevada,Black,All,255.62,2.02
2009,Nevada,Hispanic,All,261.69,1.3800000000000001
2009,New Hampshire,Black,All,‡,NA
2009,New Hampshire,Hispanic,All,270.08,5.06
2009,New Jersey,Black,All,267.17,2.58
2009,New Jersey,Hispanic,All,271.75,2.82
2009,New Mexico,Black,All,259.03,6
2009,New Mexico,Hispanic,All,262.14,1.1600000000000001
2009,New York,Black,All,261.51,1.7
2009,New York,Hispanic,All,262.23,2.01
2009,North Carolina,Black,All,262.37,1.43
2009,North Carolina,Hispanic,All,274.09,2.12
2009,North Dakota,Black,All,‡,NA
2009,North Dakota,Hispanic,All,‡,NA
2009,Ohio,Black,All,259.56,2.06
2009,Ohio,Hispanic,All,267.31,4.859999999999999
2009,Oklahoma,Black,All,260.64,2.88
2009,Oklahoma,Hispanic,All,262.64,2.55
2009,Oregon,Black,All,264.00,4.78
2009,Oregon,Hispanic,All,263.83,1.79
2009,Pennsylvania,Black,All,260.27,1.97
2009,Pennsylvania,Hispanic,All,266.14,2.7800000000000002
2009,Puerto Rico,Black,All,—,NA
2009,Puerto Rico,Hispanic,All,—,NA
2009,Rhode Island,Black,All,256.06,2.18
2009,Rhode Island,Hispanic,All,255.03,1.59
2009,South Carolina,Black,All,263.42,1.46
2009,South Carolina,Hispanic,All,269.34,2.75
2009,South Dakota,Black,All,‡,NA
2009,South Dakota,Hispanic,All,268.09,3.7600000000000002
2009,Tennessee,Black,All,253.84,2.36
2009,Tennessee,Hispanic,All,270.40,3.3899999999999997
2009,Texas,Black,All,272.26,1.8
2009,Texas,Hispanic,All,277.22,1.5
2009,Utah,Black,All,‡,NA
2009,Utah,Hispanic,All,259.23,2.13
2009,Vermont,Black,All,‡,NA
2009,Vermont,Hispanic,All,‡,NA
2009,Virginia,Black,All,267.97,1.6
2009,Virginia,Hispanic,All,274.21,2.17
2009,Washington,Black,All,268.52,4.2
2009,Washington,Hispanic,All,263.50,1.76
2009,West Virginia,Black,All,263.31,2.59
2009,West Virginia,Hispanic,All,‡,NA
2009,Wisconsin,Black,All,253.64,2.63
2009,Wisconsin,Hispanic,All,268.43,2.6
2009,Wyoming,Black,All,‡,NA
2009,Wyoming,Hispanic,All,269.09,2.18
2011,National public,Black,All,261.84,0.48000000000000004
2011,National public,Hispanic,All,269.45,0.48000000000000004
2011,Alabama,Black,All,249.81,1.6900000000000002
2011,Alabama,Hispanic,All,255.01,3.08
2011,Alaska,Black,All,272.91,2.79
2011,Alaska,Hispanic,All,276.91,2.9099999999999997
2011,Arizona,Black,All,268.98,3.22
2011,Arizona,Hispanic,All,265.88,1.29
2011,Arkansas,Black,All,256.74,1.71
2011,Arkansas,Hispanic,All,272.18,2.24
2011,California,Black,All,253.63,3.2
2011,California,Hispanic,All,259.53,0.99
2011,Colorado,Black,All,269.92,2.63
2011,Colorado,Hispanic,All,270.87,1.55
2011,Connecticut,Black,All,262.03,1.83
2011,Connecticut,Hispanic,All,262.48,1.81
2011,Delaware,Black,All,265.60,1.03
2011,Delaware,Hispanic,All,274.22,2.03
2011,District of Columbia,Black,All,256.08,0.8300000000000001
2011,District of Columbia,Hispanic,All,260.61,2.38
2011,DoDEA,Black,All,274.00,1.8800000000000001
2011,DoDEA,Hispanic,All,281.59,1.6800000000000002
2011,Florida,Black,All,258.47,1.6600000000000001
2011,Florida,Hispanic,All,273.76,0.96
2011,Georgia,Black,All,262.10,1.1300000000000001
2011,Georgia,Hispanic,All,277.22,2.2600000000000002
2011,Hawaii,Black,All,277.31,4.33
2011,Hawaii,Hispanic,All,262.64,3.29
2011,Idaho,Black,All,‡,NA
2011,Idaho,Hispanic,All,267.28,1.8800000000000001
2011,Illinois,Black,All,260.46,1.52
2011,Illinois,Hispanic,All,271.66,1.49
2011,Indiana,Black,All,263.73,2.2800000000000002
2011,Indiana,Hispanic,All,274.97,2.4
2011,Iowa,Black,All,257.73,3.27
2011,Iowa,Hispanic,All,268.66,2.9
2011,Kansas,Black,All,268.92,2.14
2011,Kansas,Hispanic,All,274.18,1.86
2011,Kentucky,Black,All,260.66,1.76
2011,Kentucky,Hispanic,All,268.88,3.5
2011,Louisiana,Black,All,258.85,1.6400000000000001
2011,Louisiana,Hispanic,All,268.90,4.37
2011,Maine,Black,All,264.90,5.1
2011,Maine,Hispanic,All,‡,NA
2011,Maryland,Black,All,267.17,1.54
2011,Maryland,Hispanic,All,272.95,3.06
2011,Massachusetts,Black,All,275.06,3.03
2011,Massachusetts,Hispanic,All,272.87,1.72
2011,Michigan,Black,All,249.87,2.36
2011,Michigan,Hispanic,All,273.75,4.3
2011,Minnesota,Black,All,266.37,2.8099999999999996
2011,Minnesota,Hispanic,All,269.88,2.59
2011,Mississippi,Black,All,254.68,1.6400000000000001
2011,Mississippi,Hispanic,All,272.66,4.67
2011,Missouri,Black,All,254.41,2.69
2011,Missouri,Hispanic,All,267.23,2.8699999999999997
2011,Montana,Black,All,‡,NA
2011,Montana,Hispanic,All,285.09,4.13
2011,Nebraska,Black,All,254.54,3.09
2011,Nebraska,Hispanic,All,261.09,1.71
2011,Nevada,Black,All,259.07,2.23
2011,Nevada,Hispanic,All,266.27,1.09
2011,New Hampshire,Black,All,‡,NA
2011,New Hampshire,Hispanic,All,265.72,3.4099999999999997
2011,New Jersey,Black,All,271.52,2.4899999999999998
2011,New Jersey,Hispanic,All,274.22,2.3099999999999996
2011,New Mexico,Black,All,265.40,4.33
2011,New Mexico,Hispanic,All,269.41,0.8600000000000001
2011,New York,Black,All,264.29,1.83
2011,New York,Hispanic,All,262.80,1.34
2011,North Carolina,Black,All,267.10,1.59
2011,North Carolina,Hispanic,All,275.08,1.8900000000000001
2011,North Dakota,Black,All,‡,NA
2011,North Dakota,Hispanic,All,‡,NA
2011,Ohio,Black,All,262.53,1.71
2011,Ohio,Hispanic,All,273.42,4.04
2011,Oklahoma,Black,All,262.46,2.6
2011,Oklahoma,Hispanic,All,264.02,2.8499999999999996
2011,Oregon,Black,All,263.45,4.609999999999999
2011,Oregon,Hispanic,All,267.64,1.77
2011,Pennsylvania,Black,All,257.07,2.14
2011,Pennsylvania,Hispanic,All,268.92,3.3499999999999996
2011,Puerto Rico,Black,All,‡,NA
2011,Puerto Rico,Hispanic,All,218.41,0.8200000000000001
2011,Rhode Island,Black,All,256.44,2.66
2011,Rhode Island,Hispanic,All,261.26,1.85
2011,South Carolina,Black,All,262.95,1.81
2011,South Carolina,Hispanic,All,272.58,3.5
2011,South Dakota,Black,All,269.79,4.1499999999999995
2011,South Dakota,Hispanic,All,274.00,3.73
2011,Tennessee,Black,All,252.24,2.3699999999999997
2011,Tennessee,Hispanic,All,265.70,2.8299999999999996
2011,Texas,Black,All,276.90,1.74
2011,Texas,Hispanic,All,283.20,1.21
2011,Utah,Black,All,‡,NA
2011,Utah,Hispanic,All,256.80,1.91
2011,Vermont,Black,All,‡,NA
2011,Vermont,Hispanic,All,‡,NA
2011,Virginia,Black,All,268.13,1.6800000000000002
2011,Virginia,Hispanic,All,278.57,1.77
2011,Washington,Black,All,264.50,3.4299999999999997
2011,Washington,Hispanic,All,269.01,2.44
2011,West Virginia,Black,All,259.87,3.05
2011,West Virginia,Hispanic,All,‡,NA
2011,Wisconsin,Black,All,255.63,2.9699999999999998
2011,Wisconsin,Hispanic,All,269.67,2.3
2011,Wyoming,Black,All,‡,NA
2011,Wyoming,Hispanic,All,271.26,2.52
2013,National public,Black,All,262.73,0.4
2013,National public,Hispanic,All,271.01,0.43000000000000005
2013,Alabama,Black,All,250.15,1.37
2013,Alabama,Hispanic,All,257.07,3.5
2013,Alaska,Black,All,269.87,3.8499999999999996
2013,Alaska,Hispanic,All,276.65,2.36
2013,Arizona,Black,All,265.54,3.9499999999999997
2013,Arizona,Hispanic,All,269.09,1.33
2013,Arkansas,Black,All,254.98,1.6800000000000002
2013,Arkansas,Hispanic,All,273.50,2.3499999999999996
2013,California,Black,All,257.97,2.96
2013,California,Hispanic,All,263.20,1.06
2013,Colorado,Black,All,260.09,3.7600000000000002
2013,Colorado,Hispanic,All,272.83,1.84
2013,Connecticut,Black,All,260.43,2.61
2013,Connecticut,Hispanic,All,257.84,2.25
2013,Delaware,Black,All,264.41,1.1300000000000001
2013,Delaware,Hispanic,All,275.92,2.03
2013,District of Columbia,Black,All,260.70,0.9500000000000001
2013,District of Columbia,Hispanic,All,265.02,2.66
2013,DoDEA,Black,All,276.39,1.76
2013,DoDEA,Hispanic,All,283.40,1.6600000000000001
2013,Florida,Black,All,263.77,1.73
2013,Florida,Hispanic,All,274.41,1.01
2013,Georgia,Black,All,262.31,1.3900000000000001
2013,Georgia,Hispanic,All,275.86,2.8
2013,Hawaii,Black,All,‡,NA
2013,Hawaii,Hispanic,All,279.64,3.13
2013,Idaho,Black,All,‡,NA
2013,Idaho,Hispanic,All,267.53,1.56
2013,Illinois,Black,All,260.47,1.32
2013,Illinois,Hispanic,All,272.31,1.43
2013,Indiana,Black,All,265.08,2.38
2013,Indiana,Hispanic,All,278.44,2.4099999999999997
2013,Iowa,Black,All,254.52,3.13
2013,Iowa,Hispanic,All,265.35,2.63
2013,Kansas,Black,All,267.87,3.22
2013,Kansas,Hispanic,All,275.79,3.03
2013,Kentucky,Black,All,260.19,1.56
2013,Kentucky,Hispanic,All,268.95,2.9899999999999998
2013,Louisiana,Black,All,259.13,1.1400000000000001
2013,Louisiana,Hispanic,All,277.18,3.74
2013,Maine,Black,All,261.81,4.859999999999999
2013,Maine,Hispanic,All,‡,NA
2013,Maryland,Black,All,268.40,1.37
2013,Maryland,Hispanic,All,279.78,2.2800000000000002
2013,Massachusetts,Black,All,277.16,1.76
2013,Massachusetts,Hispanic,All,277.36,2.06
2013,Michigan,Black,All,251.01,2.17
2013,Michigan,Hispanic,All,261.09,2.61
2013,Minnesota,Black,All,260.06,3.48
2013,Minnesota,Hispanic,All,273.16,3.07
2013,Mississippi,Black,All,254.91,1.11
2013,Mississippi,Hispanic,All,279.12,3.69
2013,Missouri,Black,All,260.40,3.15
2013,Missouri,Hispanic,All,275.81,2.8899999999999997
2013,Montana,Black,All,‡,NA
2013,Montana,Hispanic,All,281.80,3.9499999999999997
2013,Nebraska,Black,All,250.45,4.18
2013,Nebraska,Hispanic,All,266.88,1.6700000000000002
2013,Nevada,Black,All,262.74,2.24
2013,Nevada,Hispanic,All,268.03,1.12
2013,New Hampshire,Black,All,‡,NA
2013,New Hampshire,Hispanic,All,270.18,3.68
2013,New Jersey,Black,All,274.20,2.58
2013,New Jersey,Hispanic,All,282.87,2.2600000000000002
2013,New Mexico,Black,All,258.41,4.95
2013,New Mexico,Hispanic,All,267.78,0.7899999999999999
2013,New York,Black,All,261.51,1.94
2013,New York,Hispanic,All,265.21,1.79
2013,North Carolina,Black,All,268.29,1.59
2013,North Carolina,Hispanic,All,278.87,2.01
2013,North Dakota,Black,All,271.56,4.1
2013,North Dakota,Hispanic,All,‡,NA
2013,Ohio,Black,All,266.71,1.79
2013,Ohio,Hispanic,All,277.04,3.9
2013,Oklahoma,Black,All,255.62,3.08
2013,Oklahoma,Hispanic,All,264.87,2.9499999999999997
2013,Oregon,Black,All,‡,NA
2013,Oregon,Hispanic,All,265.85,1.78
2013,Pennsylvania,Black,All,261.66,2.11
2013,Pennsylvania,Hispanic,All,264.39,2.3699999999999997
2013,Puerto Rico,Black,All,‡,NA
2013,Puerto Rico,Hispanic,All,217.91,0.72
2013,Rhode Island,Black,All,262.83,2.8
2013,Rhode Island,Hispanic,All,262.88,1.6
2013,South Carolina,Black,All,260.99,1.6700000000000002
2013,South Carolina,Hispanic,All,272.24,3.8
2013,South Dakota,Black,All,254.44,5.46
2013,South Dakota,Hispanic,All,274.42,3.7800000000000002
2013,Tennessee,Black,All,256.74,2.82
2013,Tennessee,Hispanic,All,270.39,3.32
2013,Texas,Black,All,272.51,2.02
2013,Texas,Hispanic,All,281.36,1.1300000000000001
2013,Utah,Black,All,‡,NA
2013,Utah,Hispanic,All,257.88,1.94
2013,Vermont,Black,All,258.19,5.359999999999999
2013,Vermont,Hispanic,All,‡,NA
2013,Virginia,Black,All,266.74,1.76
2013,Virginia,Hispanic,All,279.21,2.13
2013,Washington,Black,All,268.66,4.72
2013,Washington,Hispanic,All,273.21,1.6
2013,West Virginia,Black,All,263.73,2.88
2013,West Virginia,Hispanic,All,‡,NA
2013,Wisconsin,Black,All,252.38,2.29
2013,Wisconsin,Hispanic,All,272.66,2.24
2013,Wyoming,Black,All,‡,NA
2013,Wyoming,Hispanic,All,277.81,1.6600000000000001
2015,National public,Black,All,259.84,0.52
2015,National public,Hispanic,All,269.47,0.56
2015,Alabama,Black,All,247.79,1.85
2015,Alabama,Hispanic,All,260.24,3.16
2015,Alaska,Black,All,268.86,4.53
2015,Alaska,Hispanic,All,279.05,2.88
2015,Arizona,Black,All,269.10,4.05
2015,Arizona,Hispanic,All,273.08,1.22
2015,Arkansas,Black,All,255.32,2.21
2015,Arkansas,Hispanic,All,268.83,2.7800000000000002
2015,California,Black,All,260.32,3.29
2015,California,Hispanic,All,262.58,1.55
2015,Colorado,Black,All,260.34,4.92
2015,Colorado,Hispanic,All,268.89,1.62
2015,Connecticut,Black,All,256.42,2.86
2015,Connecticut,Hispanic,All,261.41,2.3099999999999996
2015,Delaware,Black,All,263.37,1.33
2015,Delaware,Hispanic,All,269.72,2.18
2015,District of Columbia,Black,All,256.66,0.97
2015,District of Columbia,Hispanic,All,265.32,2.62
2015,DoDEA,Black,All,271.01,2.13
2015,DoDEA,Hispanic,All,286.52,2.08
2015,Florida,Black,All,258.30,2.2
2015,Florida,Hispanic,All,272.03,1.41
2015,Georgia,Black,All,263.74,1.53
2015,Georgia,Hispanic,All,270.22,2.15
2015,Hawaii,Black,All,‡,NA
2015,Hawaii,Hispanic,All,271.45,2.9299999999999997
2015,Idaho,Black,All,‡,NA
2015,Idaho,Hispanic,All,263.76,2.17
2015,Illinois,Black,All,260.59,2.4099999999999997
2015,Illinois,Hispanic,All,273.31,1.45
2015,Indiana,Black,All,256.94,3.24
2015,Indiana,Hispanic,All,270.81,3.11
2015,Iowa,Black,All,253.60,3.02
2015,Iowa,Hispanic,All,269.18,3.08
2015,Kansas,Black,All,262.70,3.82
2015,Kansas,Hispanic,All,273.56,2.7800000000000002
2015,Kentucky,Black,All,257.48,2.29
2015,Kentucky,Hispanic,All,273.86,2.8699999999999997
2015,Louisiana,Black,All,254.70,1.36
2015,Louisiana,Hispanic,All,270.67,3.75
2015,Maine,Black,All,‡,NA
2015,Maine,Hispanic,All,‡,NA
2015,Maryland,Black,All,262.71,1.33
2015,Maryland,Hispanic,All,273.33,2.44
2015,Massachusetts,Black,All,267.99,3.64
2015,Massachusetts,Hispanic,All,271.03,3.1
2015,Michigan,Black,All,250.57,2.17
2015,Michigan,Hispanic,All,269.13,3.9899999999999998
2015,Minnesota,Black,All,261.88,2.69
2015,Minnesota,Hispanic,All,271.53,3.19
2015,Mississippi,Black,All,257.12,1.7
2015,Mississippi,Hispanic,All,269.26,4.85
2015,Missouri,Black,All,257.80,2.67
2015,Missouri,Hispanic,All,269.74,3.4699999999999998
2015,Montana,Black,All,‡,NA
2015,Montana,Hispanic,All,275.04,4.930000000000001
2015,Nebraska,Black,All,253.63,3.58
2015,Nebraska,Hispanic,All,266.24,2.1
2015,Nevada,Black,All,255.68,2.46
2015,Nevada,Hispanic,All,265.70,1.11
2015,New Hampshire,Black,All,‡,NA
2015,New Hampshire,Hispanic,All,270.26,4.29
2015,New Jersey,Black,All,268.70,3.03
2015,New Jersey,Hispanic,All,272.16,1.96
2015,New Mexico,Black,All,‡,NA
2015,New Mexico,Hispanic,All,266.49,1.07
2015,New York,Black,All,264.07,2.8699999999999997
2015,New York,Hispanic,All,268.48,1.6700000000000002
2015,North Carolina,Black,All,262.94,2.03
2015,North Carolina,Hispanic,All,272.64,2.48
2015,North Dakota,Black,All,263.27,4.72
2015,North Dakota,Hispanic,All,276.06,3.3099999999999996
2015,Ohio,Black,All,259.03,3.14
2015,Ohio,Hispanic,All,265.52,8.79
2015,Oklahoma,Black,All,259.94,2.71
2015,Oklahoma,Hispanic,All,265.90,2.9299999999999997
2015,Oregon,Black,All,‡,NA
2015,Oregon,Hispanic,All,266.44,1.71
2015,Pennsylvania,Black,All,253.21,2.29
2015,Pennsylvania,Hispanic,All,261.44,3.72
2015,Puerto Rico,Black,All,‡,NA
2015,Puerto Rico,Hispanic,All,221.94,1.11
2015,Rhode Island,Black,All,258.30,3.11
2015,Rhode Island,Hispanic,All,264.51,1.1400000000000001
2015,South Carolina,Black,All,256.21,1.8800000000000001
2015,South Carolina,Hispanic,All,272.30,4.319999999999999
2015,South Dakota,Black,All,‡,NA
2015,South Dakota,Hispanic,All,271.82,4.46
2015,Tennessee,Black,All,253.38,3
2015,Tennessee,Hispanic,All,273.04,3.98
2015,Texas,Black,All,267.36,2.8699999999999997
2015,Texas,Hispanic,All,276.67,1.3800000000000001
2015,Utah,Black,All,‡,NA
2015,Utah,Hispanic,All,261.58,2.56
2015,Vermont,Black,All,‡,NA
2015,Vermont,Hispanic,All,‡,NA
2015,Virginia,Black,All,265.04,1.84
2015,Virginia,Hispanic,All,279.15,2.36
2015,Washington,Black,All,257.07,3.3699999999999997
2015,Washington,Hispanic,All,269.13,2.53
2015,West Virginia,Black,All,256.07,3.12
2015,West Virginia,Hispanic,All,‡,NA
2015,Wisconsin,Black,All,248.58,4.17
2015,Wisconsin,Hispanic,All,270.83,2.64
2015,Wyoming,Black,All,‡,NA
2015,Wyoming,Hispanic,All,273.08,1.94
2017,National public,Black,All,259.60,0.48000000000000004
2017,National public,Hispanic,All,268.49,0.5
2017,Alabama,Black,All,251.55,2.3899999999999997
2017,Alabama,Hispanic,All,256.71,3.38
2017,Alaska,Black,All,254.76,4.6899999999999995
2017,Alaska,Hispanic,All,273.49,2.61
2017,Arizona,Black,All,272.27,4.04
2017,Arizona,Hispanic,All,269.16,1.42
2017,Arkansas,Black,All,248.43,1.94
2017,Arkansas,Hispanic,All,267.02,1.96
2017,California,Black,All,254.55,3.9299999999999997
2017,California,Hispanic,All,262.25,1.05
2017,Colorado,Black,All,262.54,3.74
2017,Colorado,Hispanic,All,268.10,1.8800000000000001
2017,Connecticut,Black,All,257.73,2.4699999999999998
2017,Connecticut,Hispanic,All,263.00,2.04
2017,Delaware,Black,All,262.51,1.43
2017,Delaware,Hispanic,All,267.33,1.81
2017,District of Columbia,Black,All,256.98,1.1
2017,District of Columbia,Hispanic,All,263.44,3.09
2017,DoDEA,Black,All,276.92,2.09
2017,DoDEA,Hispanic,All,286.71,1.87
2017,Florida,Black,All,262.10,1.31
2017,Florida,Hispanic,All,273.13,1.45
2017,Georgia,Black,All,264.02,1.71
2017,Georgia,Hispanic,All,274.67,2.14
2017,Hawaii,Black,All,‡,NA
2017,Hawaii,Hispanic,All,269.08,2.59
2017,Idaho,Black,All,‡,NA
2017,Idaho,Hispanic,All,264.72,2.01
2017,Illinois,Black,All,256.71,1.74
2017,Illinois,Hispanic,All,271.61,1.1900000000000002
2017,Indiana,Black,All,270.28,2.8699999999999997
2017,Indiana,Hispanic,All,275.69,2.77
2017,Iowa,Black,All,255.22,3.09
2017,Iowa,Hispanic,All,273.48,2.4
2017,Kansas,Black,All,259.31,2.55
2017,Kansas,Hispanic,All,269.06,1.61
2017,Kentucky,Black,All,252.18,1.8900000000000001
2017,Kentucky,Hispanic,All,269.33,2.9099999999999997
2017,Louisiana,Black,All,252.24,1.6
2017,Louisiana,Hispanic,All,262.55,5.1899999999999995
2017,Maine,Black,All,‡,NA
2017,Maine,Hispanic,All,‡,NA
2017,Maryland,Black,All,261.55,1.23
2017,Maryland,Hispanic,All,267.15,2.22
2017,Massachusetts,Black,All,270.67,3.77
2017,Massachusetts,Hispanic,All,274.30,2.65
2017,Michigan,Black,All,250.15,2.73
2017,Michigan,Hispanic,All,264.20,3.2600000000000002
2017,Minnesota,Black,All,259.02,3.19
2017,Minnesota,Hispanic,All,268.86,3.84
2017,Mississippi,Black,All,257.27,1.23
2017,Mississippi,Hispanic,All,270.81,4.35
2017,Missouri,Black,All,255.94,2.23
2017,Missouri,Hispanic,All,272.49,3.16
2017,Montana,Black,All,‡,NA
2017,Montana,Hispanic,All,272.28,3.19
2017,Nebraska,Black,All,259.72,2.9099999999999997
2017,Nebraska,Hispanic,All,270.47,2.09
2017,Nevada,Black,All,252.69,2.16
2017,Nevada,Hispanic,All,266.34,1.01
2017,New Hampshire,Black,All,‡,NA
2017,New Hampshire,Hispanic,All,268.21,3.64
2017,New Jersey,Black,All,268.44,2.3499999999999996
2017,New Jersey,Hispanic,All,272.72,2.11
2017,New Mexico,Black,All,‡,NA
2017,New Mexico,Hispanic,All,264.01,0.97
2017,New York,Black,All,260.49,3.2600000000000002
2017,New York,Hispanic,All,265.46,1.81
2017,North Carolina,Black,All,258.40,1.81
2017,North Carolina,Hispanic,All,271.86,2.3
2017,North Dakota,Black,All,251.94,4.39
2017,North Dakota,Hispanic,All,270.07,3.7
2017,Ohio,Black,All,254.17,3.92
2017,Ohio,Hispanic,All,278.62,3.8299999999999996
2017,Oklahoma,Black,All,256.91,2.74
2017,Oklahoma,Hispanic,All,262.95,2.23
2017,Oregon,Black,All,‡,NA
2017,Oregon,Hispanic,All,265.70,1.95
2017,Pennsylvania,Black,All,260.54,1.96
2017,Pennsylvania,Hispanic,All,261.90,3.18
2017,Puerto Rico,Black,All,‡,NA
2017,Puerto Rico,Hispanic,All,224.77,0.97
2017,Rhode Island,Black,All,260.77,3
2017,Rhode Island,Hispanic,All,256.86,1.46
2017,South Carolina,Black,All,253.09,1.42
2017,South Carolina,Hispanic,All,271.75,2.3099999999999996
2017,South Dakota,Black,All,257.72,4.94
2017,South Dakota,Hispanic,All,268.50,3.8
2017,Tennessee,Black,All,258.06,1.58
2017,Tennessee,Hispanic,All,269.01,2.68
2017,Texas,Black,All,265.81,2.04
2017,Texas,Hispanic,All,273.53,1.24
2017,Utah,Black,All,‡,NA
2017,Utah,Hispanic,All,262.82,2.04
2017,Vermont,Black,All,‡,NA
2017,Vermont,Hispanic,All,‡,NA
2017,Virginia,Black,All,270.82,2.2600000000000002
2017,Virginia,Hispanic,All,279.98,2.2800000000000002
2017,Washington,Black,All,258.54,5.81
2017,Washington,Hispanic,All,270.53,2.1
2017,West Virginia,Black,All,253.54,3.5
2017,West Virginia,Hispanic,All,‡,NA
2017,Wisconsin,Black,All,253.03,2.9299999999999997
2017,Wisconsin,Hispanic,All,267.12,2.19
2017,Wyoming,Black,All,‡,NA
2017,Wyoming,Hispanic,All,275.24,1.54
2019,National public,Black,All,259.21,0.44
2019,National public,Hispanic,All,267.96,0.44
2019,Alabama,Black,All,248.88,1.99
2019,Alabama,Hispanic,All,262.09,2.9099999999999997
2019,Alaska,Black,All,253.59,4.24
2019,Alaska,Hispanic,All,274.05,2.98
2019,Arizona,Black,All,266.87,3.36
2019,Arizona,Hispanic,All,269.04,1.44
2019,Arkansas,Black,All,248.82,1.97
2019,Arkansas,Hispanic,All,268.78,2.68
2019,California,Black,All,252.32,3.58
2019,California,Hispanic,All,262.00,1.2
2019,Colorado,Black,All,261.01,2.92
2019,Colorado,Hispanic,All,268.09,1.53
2019,Connecticut,Black,All,256.44,3
2019,Connecticut,Hispanic,All,262.52,2.18
2019,Delaware,Black,All,260.02,1.53
2019,Delaware,Hispanic,All,266.48,2.04
2019,District of Columbia,Black,All,260.12,1.12
2019,District of Columbia,Hispanic,All,266.99,2.02
2019,DoDEA,Black,All,276.39,2.1
2019,DoDEA,Hispanic,All,285.40,1.52
2019,Florida,Black,All,259.49,1.9
2019,Florida,Hispanic,All,275.61,1.3900000000000001
2019,Georgia,Black,All,262.04,1.23
2019,Georgia,Hispanic,All,275.29,1.8800000000000001
2019,Hawaii,Black,All,‡,NA
2019,Hawaii,Hispanic,All,275.37,2.4699999999999998
2019,Idaho,Black,All,‡,NA
2019,Idaho,Hispanic,All,265.61,1.7
2019,Illinois,Black,All,261.70,2.34
2019,Illinois,Hispanic,All,273.23,1.6300000000000001
2019,Indiana,Black,All,261.84,3.73
2019,Indiana,Hispanic,All,273.51,2.86
2019,Iowa,Black,All,248.86,3.3299999999999996
2019,Iowa,Hispanic,All,268.75,2.3699999999999997
2019,Kansas,Black,All,256.90,3.44
2019,Kansas,Hispanic,All,268.40,1.6600000000000001
2019,Kentucky,Black,All,255.74,1.99
2019,Kentucky,Hispanic,All,269.84,2.9499999999999997
2019,Louisiana,Black,All,255.06,1.52
2019,Louisiana,Hispanic,All,267.64,4.53
2019,Maine,Black,All,254.65,5.22
2019,Maine,Hispanic,All,‡,NA
2019,Maryland,Black,All,260.70,1.48
2019,Maryland,Hispanic,All,260.68,2.27
2019,Massachusetts,Black,All,266.94,3.34
2019,Massachusetts,Hispanic,All,268.99,3.07
2019,Michigan,Black,All,252.67,2.74
2019,Michigan,Hispanic,All,268.49,2.62
2019,Minnesota,Black,All,254.73,3.3899999999999997
2019,Minnesota,Hispanic,All,267.84,3.05
2019,Mississippi,Black,All,258.44,1.1
2019,Mississippi,Hispanic,All,276.60,4.659999999999999
2019,Missouri,Black,All,257.53,2.11
2019,Missouri,Hispanic,All,268.25,3.3
2019,Montana,Black,All,‡,NA
2019,Montana,Hispanic,All,280.68,3.01
2019,Nebraska,Black,All,251.64,2.8899999999999997
2019,Nebraska,Hispanic,All,267.52,1.7
2019,Nevada,Black,All,253.54,2.4
2019,Nevada,Hispanic,All,265.63,1.08
2019,New Hampshire,Black,All,267.49,5
2019,New Hampshire,Hispanic,All,266.95,3.9099999999999997
2019,New Jersey,Black,All,265.72,3.34
2019,New Jersey,Hispanic,All,268.65,2.68
2019,New Mexico,Black,All,‡,NA
2019,New Mexico,Hispanic,All,263.77,1.08
2019,New York,Black,All,258.23,2.9099999999999997
2019,New York,Hispanic,All,263.27,1.72
2019,North Carolina,Black,All,264.06,2.05
2019,North Carolina,Hispanic,All,272.52,2.15
2019,North Dakota,Black,All,253.93,3.4099999999999997
2019,North Dakota,Hispanic,All,275.96,4.37
2019,Ohio,Black,All,258.60,2.65
2019,Ohio,Hispanic,All,274.28,4.17
2019,Oklahoma,Black,All,252.63,2.67
2019,Oklahoma,Hispanic,All,271.10,2
2019,Oregon,Black,All,‡,NA
2019,Oregon,Hispanic,All,258.24,1.85
2019,Pennsylvania,Black,All,255.06,2.27
2019,Pennsylvania,Hispanic,All,257.59,3.18
2019,Puerto Rico,Black,All,‡,NA
2019,Puerto Rico,Hispanic,All,221.57,0.8600000000000001
2019,Rhode Island,Black,All,258.28,3.3699999999999997
2019,Rhode Island,Hispanic,All,254.75,1.6600000000000001
2019,South Carolina,Black,All,255.51,1.56
2019,South Carolina,Hispanic,All,269.64,2.66
2019,South Dakota,Black,All,‡,NA
2019,South Dakota,Hispanic,All,270.02,3.12
2019,Tennessee,Black,All,260.24,1.77
2019,Tennessee,Hispanic,All,267.45,2.82
2019,Texas,Black,All,264.98,2.12
2019,Texas,Hispanic,All,272.30,1.1500000000000001
2019,Utah,Black,All,‡,NA
2019,Utah,Hispanic,All,262.54,2.22
2019,Vermont,Black,All,‡,NA
2019,Vermont,Hispanic,All,‡,NA
2019,Virginia,Black,All,267.55,1.95
2019,Virginia,Hispanic,All,278.22,2.2600000000000002
2019,Washington,Black,All,258.74,5.4
2019,Washington,Hispanic,All,267.42,1.51
2019,West Virginia,Black,All,261.20,3.5
2019,West Virginia,Hispanic,All,‡,NA
2019,Wisconsin,Black,All,249.66,3.16
2019,Wisconsin,Hispanic,All,273.47,2.62
2019,Wyoming,Black,All,‡,NA
2019,Wyoming,Hispanic,All,273.65,2.46
2022,National public,Black,All,252.08,0.52
2022,National public,Hispanic,All,260.80,0.52
2022,Alabama,Black,All,245.73,2.8099999999999996
2022,Alabama,Hispanic,All,256.90,2.62
2022,Alaska,Black,All,‡,NA
2022,Alaska,Hispanic,All,265.81,3.55
2022,Arizona,Black,All,252.73,5.359999999999999
2022,Arizona,Hispanic,All,261.42,1.72
2022,Arkansas,Black,All,247.72,2.12
2022,Arkansas,Hispanic,All,260.08,2.53
2022,California,Black,All,248.02,4.91
2022,California,Hispanic,All,256.99,1.37
2022,Colorado,Black,All,255.08,4.67
2022,Colorado,Hispanic,All,254.54,1.99
2022,Connecticut,Black,All,248.88,3.03
2022,Connecticut,Hispanic,All,257.19,2.51
2022,Delaware,Black,All,246.08,1.6300000000000001
2022,Delaware,Hispanic,All,257.01,1.62
2022,District of Columbia,Black,All,250.19,1.29
2022,District of Columbia,Hispanic,All,256.90,2.29
2022,DoDEA,Black,All,272.15,2.4699999999999998
2022,DoDEA,Hispanic,All,284.16,1.59
2022,Florida,Black,All,254.87,2.3699999999999997
2022,Florida,Hispanic,All,266.78,1.21
2022,Georgia,Black,All,256.30,1.47
2022,Georgia,Hispanic,All,263.95,1.93
2022,Hawaii,Black,All,‡,NA
2022,Hawaii,Hispanic,All,261.90,2.07
2022,Idaho,Black,All,‡,NA
2022,Idaho,Hispanic,All,261.10,2.02
2022,Illinois,Black,All,253.67,1.98
2022,Illinois,Hispanic,All,262.38,1.95
2022,Indiana,Black,All,249.08,2.86
2022,Indiana,Hispanic,All,267.29,3.3299999999999996
2022,Iowa,Black,All,247.77,4.71
2022,Iowa,Hispanic,All,256.10,2.2600000000000002
2022,Kansas,Black,All,249.90,3.16
2022,Kansas,Hispanic,All,258.95,2.5
2022,Kentucky,Black,All,248.17,2.3099999999999996
2022,Kentucky,Hispanic,All,259.27,2.6
2022,Louisiana,Black,All,252.22,1.95
2022,Louisiana,Hispanic,All,256.98,2.7
2022,Maine,Black,All,‡,NA
2022,Maine,Hispanic,All,‡,NA
2022,Maryland,Black,All,250.46,1.6900000000000002
2022,Maryland,Hispanic,All,249.66,1.98
2022,Massachusetts,Black,All,259.62,2.7800000000000002
2022,Massachusetts,Hispanic,All,261.80,2.3
2022,Michigan,Black,All,245.46,1.93
2022,Michigan,Hispanic,All,261.39,3.44
2022,Minnesota,Black,All,253.53,4.64
2022,Minnesota,Hispanic,All,253.03,3.6
2022,Mississippi,Black,All,251.94,1.85
2022,Mississippi,Hispanic,All,260.16,4.74
2022,Missouri,Black,All,245.46,2.86
2022,Missouri,Hispanic,All,262.93,3.03
2022,Montana,Black,All,‡,NA
2022,Montana,Hispanic,All,270.67,4.59
2022,Nebraska,Black,All,251.09,4.81
2022,Nebraska,Hispanic,All,261.12,2.3099999999999996
2022,Nevada,Black,All,246.50,2.86
2022,Nevada,Hispanic,All,261.14,1.61
2022,New Hampshire,Black,All,‡,NA
2022,New Hampshire,Hispanic,All,252.03,4.79
2022,New Jersey,Black,All,250.92,3.69
2022,New Jersey,Hispanic,All,263.98,1.83
2022,New Mexico,Black,All,‡,NA
2022,New Mexico,Hispanic,All,254.35,1.04
2022,New York,Black,All,250.60,2.8699999999999997
2022,New York,Hispanic,All,259.85,1.8
2022,North Carolina,Black,All,254.51,2.24
2022,North Carolina,Hispanic,All,265.82,1.55
2022,North Dakota,Black,All,251.64,3.88
2022,North Dakota,Hispanic,All,259.32,3.73
2022,Ohio,Black,All,248.19,2.27
2022,Ohio,Hispanic,All,263.59,3.9299999999999997
2022,Oklahoma,Black,All,241.44,2.9299999999999997
2022,Oklahoma,Hispanic,All,252.19,2.21
2022,Oregon,Black,All,‡,NA
2022,Oregon,Hispanic,All,255.57,2.17
2022,Pennsylvania,Black,All,246.57,2.77
2022,Pennsylvania,Hispanic,All,252.82,3.11
2022,Puerto Rico,Black,All,‡,NA
2022,Puerto Rico,Hispanic,All,215.68,0.8
2022,Rhode Island,Black,All,247.64,3.25
2022,Rhode Island,Hispanic,All,254.15,1.4
2022,South Carolina,Black,All,250.03,2.1
2022,South Carolina,Hispanic,All,263.84,2.82
2022,South Dakota,Black,All,255.08,4.609999999999999
2022,South Dakota,Hispanic,All,256.61,2.96
2022,Tennessee,Black,All,250.20,2.27
2022,Tennessee,Hispanic,All,258.62,2.67
2022,Texas,Black,All,259.85,2.64
2022,Texas,Hispanic,All,265.17,1.42
2022,Utah,Black,All,‡,NA
2022,Utah,Hispanic,All,261.20,2.3899999999999997
2022,Vermont,Black,All,‡,NA
2022,Vermont,Hispanic,All,‡,NA
2022,Virginia,Black,All,255.87,1.91
2022,Virginia,Hispanic,All,264.18,2.25
2022,Washington,Black,All,256.75,4.63
2022,Washington,Hispanic,All,255.99,1.85
2022,West Virginia,Black,All,‡,NA
2022,West Virginia,Hispanic,All,‡,NA
2022,Wisconsin,Black,All,237.21,2.7800000000000002
2022,Wisconsin,Hispanic,All,263.72,2.17
2022,Wyoming,Black,All,‡,NA
2022,Wyoming,Hispanic,All,269.38,2.44
